<tiltviewergallery>
	<photos>
		<photo imageurl="imgs/0-communitymeeting.jpg" linkurl="http://dev.akvo.org:8080/rsr/project/1/">
			<title>Pratap Nagar, community meeting</title>
			<description>The self-help group in Pratap Nagar, Dehlhi, meets with the support of FODRA.</description>
		</photo>
		<photo imageurl="imgs/1-pump.jpg" linkurl="http://dev.akvo.org:8080/rsr/project/1/">
			<title>Water pump</title>
			<description>Example of typical single household water pump at Pratap Nagar, Delhi</description>
		</photo>
		<photo imageurl="imgs/2-sewageoutlet.jpg" linkurl="http://dev.akvo.org:8080/rsr/project/1/">
			<title>Household sewage outlet</title>
		<description>photo tag</description>			
		</photo>
		<photo imageurl="imgs/3-sewagecanal.jpg" linkurl="http://dev.akvo.org:8080/rsr/project/1/">
			<title>Black water sewage canal</title>
			<description>Sewage canal in Pratap Nagar, Delhi</description>			
		</photo>
		<photo imageurl="imgs/4-blackwaterdrain.jpg" linkurl="http://dev.akvo.org:8080/rsr/project/1/">
			<title>Black water drain</title>
			<description>Black water drain in Pratap Nagar, Delhi</description>
		</photo>
		<photo imageurl="imgs/5-blackwaterandwomen.jpg" linkurl="http://dev.akvo.org:8080/rsr/project/1/">
			<title>Black water drain</title>			
			<description>Black water drain under entrance to home, Pratap Nagar, Delhi</description>			
		</photo>
		<photo imageurl="imgs/6-blackwaterendstation.jpg" linkurl="http://dev.akvo.org:8080/rsr/project/1/">
			<title>Black water 'end-station'</title>
			<description>Blackwater 'end-station', Pratap Nagar, Delhi</description>
		</photo>
		<photo imageurl="imgs/7-schoolpainting.jpg" linkurl="http://dev.akvo.org:8080/rsr/project/1/">
			<title>School wall mural</title>			
			<description>Painting on school wall, Ecosanitation project, Pratap Nagar, Delhi</description>			
		</photo>
		<photo imageurl="imgs/8-children.jpg" linkurl="http://dev.akvo.org:8080/rsr/project/2/">
			<title>Children of Kongarahalli</title>			
			<description>Children of Kongarahalli, Karnataka, India, India</description>			
		</photo>
		<photo imageurl="imgs/9-najade.jpg" linkurl="http://dev.akvo.org:8080/rsr/project/2/">
			<title>Neidap Na�ade</title>			
			<description>Neidap Na�ade, Myrada's community education centre in Kamasamudra</description>
		</photo>
		<photo imageurl="imgs/10-wallmural.jpg" linkurl="http://dev.akvo.org:8080/rsr/project/2/">
			<title>Sanitation mural</title>			
			<description>Sanitation education mural, Kongarahalli, Karnataka, India</description>			
		</photo>
		<photo imageurl="imgs/11-csp.jpg" linkurl="http://dev.akvo.org:8080/rsr/project/2/">
			<title>C. Sharada Prasada</title>			
			<description>C. Sharada Prasada of Arghyam on a visit in Kongarahalli, Karnataka, India</description>			
		</photo>
		<photo imageurl="imgs/12-rainwaterharvesting.jpg" linkurl="http://dev.akvo.org:8080/rsr/project/2/">
			<title>Rainwater harvesting</title>			
			<description>Detail of a rainwater harvesting system, Kongarahalli, Karnataka, India</description>			
		</photo>
		<photo imageurl="imgs/13-rainwaterharvestingtank.jpg" linkurl="http://dev.akvo.org:8080/rsr/project/2/">
			<title>Rainwater harvesting tank</title>			
			<description>Rainwater harvesting tank, with Vishwanath Srikantaiah from Rainwater Club and Arghyam, Kongarahalli, Karnataka, India</description>			
		</photo>
		<photo imageurl="imgs/14-watershedmodel.jpg" linkurl="http://dev.akvo.org:8080/rsr/project/2/">
			<title>Watershed education model</title>			
			<description>Wonderful watershed education model, Myrada's community education centre in Kamasamudra</description>			
		</photo>
		<photo imageurl="imgs/15-ecosan.jpg" linkurl="http://dev.akvo.org:8080/rsr/project/2/">
			<title>Ecosan toilet</title>			
			<description>Mark Charmer from Akvo with an ecosan toilet in Kongarahalli, Karnataka, India</description>	
		</photo>
		<photo imageurl="imgs/16-Vishwanath-Srikantaiah.jpg" linkurl="http://dev.akvo.org:8080/rsr/project/2/">
			<title>Ecosan educational video</title>			
			<description>Vishwanath Srikantaiah from Rainwater Club and Arghyam interviewing a villager from Kongarahalli, Karnataka, India</description>	
		</photo>
		<photo imageurl="imgs/17-promotion-mural.jpg" linkurl="http://dev.akvo.org:8080/rsr/project/2/">
			<title>Promotional mural</title>			
			<description>A promotional mural about the ecosanitation and rainwater harvesting project at Kongarahalli, Karnataka, India</description>			
		</photo>
	</photos>
</tiltviewergallery>
